{
  "baseline_shoulder_distance": 0.2708800071928127,
  "baseline_vertical_ear_shoulder": 0.21271641552448273,
  "baseline_head_depth": 0.5307542234659195,
  "baseline_tilt": -0.8521986998292316
}